USE [SiTIOD.Lab02]
GO

INSERT INTO [dbo].[T_Citizenship] ([citizenship_title]) VALUES (N'Беларус')
INSERT INTO [dbo].[T_Citizenship] ([citizenship_title]) VALUES (N'Русский')
INSERT INTO [dbo].[T_Citizenship] ([citizenship_title]) VALUES (N'Украинец')
INSERT INTO [dbo].[T_Citizenship] ([citizenship_title]) VALUES (N'Нигериец')
INSERT INTO [dbo].[T_Citizenship] ([citizenship_title]) VALUES (N'Еврей')
INSERT INTO [dbo].[T_Citizenship] ([citizenship_title]) VALUES (N'Итальянец')
INSERT INTO [dbo].[T_Citizenship] ([citizenship_title]) VALUES (N'Чукча')
INSERT INTO [dbo].[T_Citizenship] ([citizenship_title]) VALUES (N'Японец')
INSERT INTO [dbo].[T_Citizenship] ([citizenship_title]) VALUES (N'Китаец')
INSERT INTO [dbo].[T_Citizenship] ([citizenship_title]) VALUES (N'Казах')

INSERT INTO [dbo].[T_SocialStatus] ([socialstatus_title]) VALUES (N'Замужем')
INSERT INTO [dbo].[T_SocialStatus] ([socialstatus_title]) VALUES (N'Женат')
INSERT INTO [dbo].[T_SocialStatus] ([socialstatus_title]) VALUES (N'Не замужем')
INSERT INTO [dbo].[T_SocialStatus] ([socialstatus_title]) VALUES (N'Не женат')
INSERT INTO [dbo].[T_SocialStatus] ([socialstatus_title]) VALUES (N'Разведена')
INSERT INTO [dbo].[T_SocialStatus] ([socialstatus_title]) VALUES (N'Разведен')
INSERT INTO [dbo].[T_SocialStatus] ([socialstatus_title]) VALUES (N'Вдова')
INSERT INTO [dbo].[T_SocialStatus] ([socialstatus_title]) VALUES (N'Вдовец')
INSERT INTO [dbo].[T_SocialStatus] ([socialstatus_title]) VALUES (N'Нет детей')
INSERT INTO [dbo].[T_SocialStatus] ([socialstatus_title]) VALUES (N'Есть дети')

INSERT INTO [dbo].[T_Occupation] ([occupation_title],[occupation_rate]) VALUES (N'Инженер', 200)
INSERT INTO [dbo].[T_Occupation] ([occupation_title],[occupation_rate]) VALUES (N'Экономист', 250)
INSERT INTO [dbo].[T_Occupation] ([occupation_title],[occupation_rate]) VALUES (N'Программист', 1000)
INSERT INTO [dbo].[T_Occupation] ([occupation_title],[occupation_rate]) VALUES (N'Менеджер', 500)
INSERT INTO [dbo].[T_Occupation] ([occupation_title],[occupation_rate]) VALUES (N'Бухгалтер', 300)
INSERT INTO [dbo].[T_Occupation] ([occupation_title],[occupation_rate]) VALUES (N'Дизайнер', 450)
INSERT INTO [dbo].[T_Occupation] ([occupation_title],[occupation_rate]) VALUES (N'Повар', 150)
INSERT INTO [dbo].[T_Occupation] ([occupation_title],[occupation_rate]) VALUES (N'Юрист', 750)
INSERT INTO [dbo].[T_Occupation] ([occupation_title],[occupation_rate]) VALUES (N'Логист', 600)
INSERT INTO [dbo].[T_Occupation] ([occupation_title],[occupation_rate]) VALUES (N'Преподаватель', 100)

INSERT INTO [dbo].[T_Region] ([region_title]) VALUES (N'г.Минск')
INSERT INTO [dbo].[T_Region] ([region_title]) VALUES (N'г.Барановичи')
INSERT INTO [dbo].[T_Region] ([region_title]) VALUES (N'г.Бобруйск')
INSERT INTO [dbo].[T_Region] ([region_title]) VALUES (N'г.Витебск')
INSERT INTO [dbo].[T_Region] ([region_title]) VALUES (N'г.Гомель')
INSERT INTO [dbo].[T_Region] ([region_title]) VALUES (N'г.Брест')
INSERT INTO [dbo].[T_Region] ([region_title]) VALUES (N'г.Гродно')
INSERT INTO [dbo].[T_Region] ([region_title]) VALUES (N'г.Могилев')
INSERT INTO [dbo].[T_Region] ([region_title]) VALUES (N'г.Полоцк')
INSERT INTO [dbo].[T_Region] ([region_title]) VALUES (N'г.Лида')

INSERT INTO [dbo].[T_Department] ([department_title],[region_id]) VALUES (N'Бухгалтерия', 1)
INSERT INTO [dbo].[T_Department] ([department_title],[region_id]) VALUES (N'Отдел автоматизации', 2)
INSERT INTO [dbo].[T_Department] ([department_title],[region_id]) VALUES (N'Отдел продаж', 3)
INSERT INTO [dbo].[T_Department] ([department_title],[region_id]) VALUES (N'Отдел логистики', 4)
INSERT INTO [dbo].[T_Department] ([department_title],[region_id]) VALUES (N'Кулинарный цех', 5)
INSERT INTO [dbo].[T_Department] ([department_title],[region_id]) VALUES (N'Учебный центр', 6)
INSERT INTO [dbo].[T_Department] ([department_title],[region_id]) VALUES (N'Юридический отдел', 7)
INSERT INTO [dbo].[T_Department] ([department_title],[region_id]) VALUES (N'Отдел дизайна', 8)
INSERT INTO [dbo].[T_Department] ([department_title],[region_id]) VALUES (N'Конструкторский отдел', 9)
INSERT INTO [dbo].[T_Department] ([department_title],[region_id]) VALUES (N'Отдел связей с общественностью', 10)

INSERT INTO [dbo].[T_HiringDismissal] ([hiring_date], [dismissal_date]) VALUES ('01.01.2011', '01.01.2013')
INSERT INTO [dbo].[T_HiringDismissal] ([hiring_date], [dismissal_date]) VALUES ('02.02.2011', '01.01.2013')
INSERT INTO [dbo].[T_HiringDismissal] ([hiring_date], [dismissal_date]) VALUES ('03.03.2011', '01.01.2013')
INSERT INTO [dbo].[T_HiringDismissal] ([hiring_date], [dismissal_date]) VALUES ('04.04.2011', '01.01.2013')
INSERT INTO [dbo].[T_HiringDismissal] ([hiring_date], [dismissal_date]) VALUES ('05.05.2011', '01.01.2013')
INSERT INTO [dbo].[T_HiringDismissal] ([hiring_date], [dismissal_date]) VALUES ('06.06.2011', '01.01.2013')
INSERT INTO [dbo].[T_HiringDismissal] ([hiring_date], [dismissal_date]) VALUES ('07.07.2011', '01.01.2013')
INSERT INTO [dbo].[T_HiringDismissal] ([hiring_date], [dismissal_date]) VALUES ('08.08.2011', '01.01.2013')
INSERT INTO [dbo].[T_HiringDismissal] ([hiring_date], [dismissal_date]) VALUES ('09.09.2011', '01.01.2013')
INSERT INTO [dbo].[T_HiringDismissal] ([hiring_date], [dismissal_date]) VALUES ('10.10.2011', '01.01.2013')

INSERT INTO [dbo].[T_Employee] ([hiringdismissal_id], [employee_surname], [employee_name]) VALUES  (1, N'Кот', N'Ольга')
INSERT INTO [dbo].[T_Employee] ([hiringdismissal_id], [employee_surname], [employee_name]) VALUES  (2, N'Солоненко', N'Иван')
INSERT INTO [dbo].[T_Employee] ([hiringdismissal_id], [employee_surname], [employee_name]) VALUES  (3, N'Поросенок', N'Петр')
INSERT INTO [dbo].[T_Employee] ([hiringdismissal_id], [employee_surname], [employee_name]) VALUES  (4, N'Гуф', N'Рип')
INSERT INTO [dbo].[T_Employee] ([hiringdismissal_id], [employee_surname], [employee_name]) VALUES  (5, N'Путин', N'Владимир')
INSERT INTO [dbo].[T_Employee] ([hiringdismissal_id], [employee_surname], [employee_name]) VALUES  (6, N'Сидорова', N'Анна')
INSERT INTO [dbo].[T_Employee] ([hiringdismissal_id], [employee_surname], [employee_name]) VALUES  (7, N'Пупкин', N'Василий')
INSERT INTO [dbo].[T_Employee] ([hiringdismissal_id], [employee_surname], [employee_name]) VALUES  (8, N'Лебедев', N'Артемий')
INSERT INTO [dbo].[T_Employee] ([hiringdismissal_id], [employee_surname], [employee_name]) VALUES  (9, N'Дуров', N'Павел')
INSERT INTO [dbo].[T_Employee] ([hiringdismissal_id], [employee_surname], [employee_name]) VALUES (10, N'Давыдов', N'Стас')
INSERT INTO [dbo].[T_Employee] ([hiringdismissal_id], [employee_surname], [employee_name]) VALUES  (1, N'Иванова', N'Илона')
INSERT INTO [dbo].[T_Employee] ([hiringdismissal_id], [employee_surname], [employee_name]) VALUES  (2, N'Слонышко', N'Валентин')
INSERT INTO [dbo].[T_Employee] ([hiringdismissal_id], [employee_surname], [employee_name]) VALUES  (3, N'Пень', N'Колода')
INSERT INTO [dbo].[T_Employee] ([hiringdismissal_id], [employee_surname], [employee_name]) VALUES  (4, N'Кузьма', N'Кузьма')
INSERT INTO [dbo].[T_Employee] ([hiringdismissal_id], [employee_surname], [employee_name]) VALUES  (5, N'Медведев', N'Дмитрий')
INSERT INTO [dbo].[T_Employee] ([hiringdismissal_id], [employee_surname], [employee_name]) VALUES  (6, N'Михайлов', N'Стас')
INSERT INTO [dbo].[T_Employee] ([hiringdismissal_id], [employee_surname], [employee_name]) VALUES  (7, N'Пугачева', N'Алла')
INSERT INTO [dbo].[T_Employee] ([hiringdismissal_id], [employee_surname], [employee_name]) VALUES  (8, N'Галкин', N'Максим')
INSERT INTO [dbo].[T_Employee] ([hiringdismissal_id], [employee_surname], [employee_name]) VALUES  (9, N'Киркоров', N'Филька')
INSERT INTO [dbo].[T_Employee] ([hiringdismissal_id], [employee_surname], [employee_name]) VALUES (10, N'Птичкина', N'Инесса')
INSERT INTO [dbo].[T_Employee] ([hiringdismissal_id], [employee_surname], [employee_name]) VALUES  (1, N'Коробкина', N'Татьяна')
INSERT INTO [dbo].[T_Employee] ([hiringdismissal_id], [employee_surname], [employee_name]) VALUES  (2, N'Ipsum', N'Lorem')
INSERT INTO [dbo].[T_Employee] ([hiringdismissal_id], [employee_surname], [employee_name]) VALUES  (3, N'Травкин', N'Петр')
INSERT INTO [dbo].[T_Employee] ([hiringdismissal_id], [employee_surname], [employee_name]) VALUES  (4, N'Хуана', N'Мария')
INSERT INTO [dbo].[T_Employee] ([hiringdismissal_id], [employee_surname], [employee_name]) VALUES  (5, N'Дзе-Дун', N'Мао')
INSERT INTO [dbo].[T_Employee] ([hiringdismissal_id], [employee_surname], [employee_name]) VALUES  (6, N'Чен-Сун', N'Ким')
INSERT INTO [dbo].[T_Employee] ([hiringdismissal_id], [employee_surname], [employee_name]) VALUES  (7, N'Григорьев', N'Григорий')
INSERT INTO [dbo].[T_Employee] ([hiringdismissal_id], [employee_surname], [employee_name]) VALUES  (8, N'Сусанин', N'Иван')
INSERT INTO [dbo].[T_Employee] ([hiringdismissal_id], [employee_surname], [employee_name]) VALUES  (9, N'Бонапарт', N'Наполеон')
INSERT INTO [dbo].[T_Employee] ([hiringdismissal_id], [employee_surname], [employee_name]) VALUES (10, N'Кюри', N'Мария')
INSERT INTO [dbo].[T_Employee] ([hiringdismissal_id], [employee_surname], [employee_name]) VALUES  (1, N'Статкевич', N'Константин')
INSERT INTO [dbo].[T_Employee] ([hiringdismissal_id], [employee_surname], [employee_name]) VALUES  (2, N'Маринович', N'Эдуард')
INSERT INTO [dbo].[T_Employee] ([hiringdismissal_id], [employee_surname], [employee_name]) VALUES  (3, N'Масловский', N'Чеслав')
INSERT INTO [dbo].[T_Employee] ([hiringdismissal_id], [employee_surname], [employee_name]) VALUES  (4, N'Жирафик', N'Рафик')
INSERT INTO [dbo].[T_Employee] ([hiringdismissal_id], [employee_surname], [employee_name]) VALUES  (5, N'Красавец', N'Жанна')
INSERT INTO [dbo].[T_Employee] ([hiringdismissal_id], [employee_surname], [employee_name]) VALUES  (6, N'Гриффон', N'Скиф')
INSERT INTO [dbo].[T_Employee] ([hiringdismissal_id], [employee_surname], [employee_name]) VALUES  (7, N'Аццкий', N'Сотона')
INSERT INTO [dbo].[T_Employee] ([hiringdismissal_id], [employee_surname], [employee_name]) VALUES  (8, N'Мокренькая', N'Кисонька')
INSERT INTO [dbo].[T_Employee] ([hiringdismissal_id], [employee_surname], [employee_name]) VALUES  (9, N'Вилкина', N'Виола')
INSERT INTO [dbo].[T_Employee] ([hiringdismissal_id], [employee_surname], [employee_name]) VALUES (10, N'Тараканова', N'Милана')
INSERT INTO [dbo].[T_Employee] ([hiringdismissal_id], [employee_surname], [employee_name]) VALUES  (1, N'Донцова', N'Дарья')
INSERT INTO [dbo].[T_Employee] ([hiringdismissal_id], [employee_surname], [employee_name]) VALUES  (2, N'Котик', N'Василий')
INSERT INTO [dbo].[T_Employee] ([hiringdismissal_id], [employee_surname], [employee_name]) VALUES  (3, N'Кирпич', N'Мартин')
INSERT INTO [dbo].[T_Employee] ([hiringdismissal_id], [employee_surname], [employee_name]) VALUES  (4, N'Спичкина', N'Арина')
INSERT INTO [dbo].[T_Employee] ([hiringdismissal_id], [employee_surname], [employee_name]) VALUES  (5, N'Лесовский', N'Сигизмунд')
INSERT INTO [dbo].[T_Employee] ([hiringdismissal_id], [employee_surname], [employee_name]) VALUES  (6, N'Кириллова', N'Изольда')
INSERT INTO [dbo].[T_Employee] ([hiringdismissal_id], [employee_surname], [employee_name]) VALUES  (7, N'Волевой', N'Геннадий')
INSERT INTO [dbo].[T_Employee] ([hiringdismissal_id], [employee_surname], [employee_name]) VALUES  (8, N'Собакин', N'Павел')
INSERT INTO [dbo].[T_Employee] ([hiringdismissal_id], [employee_surname], [employee_name]) VALUES  (9, N'Шариков', N'Полиграф')
INSERT INTO [dbo].[T_Employee] ([hiringdismissal_id], [employee_surname], [employee_name]) VALUES (10, N'Борменталь', N'Доктор')

INSERT INTO [dbo].[T_PreviousWorkPlace] ([previousworkplace_title], [previousworkplace_years]) VALUES (N'Без работы', 0)
INSERT INTO [dbo].[T_PreviousWorkPlace] ([previousworkplace_title], [previousworkplace_years]) VALUES (N'БГУИР', 1)
INSERT INTO [dbo].[T_PreviousWorkPlace] ([previousworkplace_title], [previousworkplace_years]) VALUES (N'EPAM', 2)
INSERT INTO [dbo].[T_PreviousWorkPlace] ([previousworkplace_title], [previousworkplace_years]) VALUES (N'ITransition', 3)
INSERT INTO [dbo].[T_PreviousWorkPlace] ([previousworkplace_title], [previousworkplace_years]) VALUES (N'Sam-Solutions', 4)
INSERT INTO [dbo].[T_PreviousWorkPlace] ([previousworkplace_title], [previousworkplace_years]) VALUES (N'Science Soft', 5)
INSERT INTO [dbo].[T_PreviousWorkPlace] ([previousworkplace_title], [previousworkplace_years]) VALUES (N'Столовая', 6)
INSERT INTO [dbo].[T_PreviousWorkPlace] ([previousworkplace_title], [previousworkplace_years]) VALUES (N'Подвал', 7)
INSERT INTO [dbo].[T_PreviousWorkPlace] ([previousworkplace_title], [previousworkplace_years]) VALUES (N'Вокзал', 8)
INSERT INTO [dbo].[T_PreviousWorkPlace] ([previousworkplace_title], [previousworkplace_years]) VALUES (N'Чердак', 9)

INSERT INTO [dbo].[T_WorkingExperience] ([workingexperience_years]) VALUES (1)
INSERT INTO [dbo].[T_WorkingExperience] ([workingexperience_years]) VALUES (2)
INSERT INTO [dbo].[T_WorkingExperience] ([workingexperience_years]) VALUES (3)
INSERT INTO [dbo].[T_WorkingExperience] ([workingexperience_years]) VALUES (4)
INSERT INTO [dbo].[T_WorkingExperience] ([workingexperience_years]) VALUES (5)
INSERT INTO [dbo].[T_WorkingExperience] ([workingexperience_years]) VALUES (6)
INSERT INTO [dbo].[T_WorkingExperience] ([workingexperience_years]) VALUES (7)
INSERT INTO [dbo].[T_WorkingExperience] ([workingexperience_years]) VALUES (8)
INSERT INTO [dbo].[T_WorkingExperience] ([workingexperience_years]) VALUES (9)
INSERT INTO [dbo].[T_WorkingExperience] ([workingexperience_years]) VALUES (10)

INSERT INTO [dbo].[Facts] ([citizenship_id], [department_id], [employee_id], [occupation_id], [previousworkplace_id], [socialstatus_id], [workingexperience_id], [age], [vacationdays_total], [vacationdays_available], [vacationdays_spent], [sickdays_thisyear], [rebukes_amount], [businesstrips_amount]) VALUES (1,	1,	1,	1,	1,	2,	1,	30,	25,	25,	0,	0,	0,	0)
INSERT INTO [dbo].[Facts] ([citizenship_id], [department_id], [employee_id], [occupation_id], [previousworkplace_id], [socialstatus_id], [workingexperience_id], [age], [vacationdays_total], [vacationdays_available], [vacationdays_spent], [sickdays_thisyear], [rebukes_amount], [businesstrips_amount]) VALUES (1,	3,	14,	4,	2,	3,	2,	33,	25,	22,	3,	3,	0,	0)
INSERT INTO [dbo].[Facts] ([citizenship_id], [department_id], [employee_id], [occupation_id], [previousworkplace_id], [socialstatus_id], [workingexperience_id], [age], [vacationdays_total], [vacationdays_available], [vacationdays_spent], [sickdays_thisyear], [rebukes_amount], [businesstrips_amount]) VALUES (1,	4,	19,	9,	7,	4,	3,	38,	25,	17,	8,	8,	0,	0)
INSERT INTO [dbo].[Facts] ([citizenship_id], [department_id], [employee_id], [occupation_id], [previousworkplace_id], [socialstatus_id], [workingexperience_id], [age], [vacationdays_total], [vacationdays_available], [vacationdays_spent], [sickdays_thisyear], [rebukes_amount], [businesstrips_amount]) VALUES (1,	7,	27,	7,	6,	1,	4,	36,	25,	19,	6,	6,	0,	0)
INSERT INTO [dbo].[Facts] ([citizenship_id], [department_id], [employee_id], [occupation_id], [previousworkplace_id], [socialstatus_id], [workingexperience_id], [age], [vacationdays_total], [vacationdays_available], [vacationdays_spent], [sickdays_thisyear], [rebukes_amount], [businesstrips_amount]) VALUES (1,	8,	17,	5,	4,	2,	5,	36,	25,	19,	6,	6,	0,	0)
INSERT INTO [dbo].[Facts] ([citizenship_id], [department_id], [employee_id], [occupation_id], [previousworkplace_id], [socialstatus_id], [workingexperience_id], [age], [vacationdays_total], [vacationdays_available], [vacationdays_spent], [sickdays_thisyear], [rebukes_amount], [businesstrips_amount]) VALUES (2,	2,	48,	8,	2,	4,	6,	37,	25,	18,	7,	7,	0,	0)
INSERT INTO [dbo].[Facts] ([citizenship_id], [department_id], [employee_id], [occupation_id], [previousworkplace_id], [socialstatus_id], [workingexperience_id], [age], [vacationdays_total], [vacationdays_available], [vacationdays_spent], [sickdays_thisyear], [rebukes_amount], [businesstrips_amount]) VALUES (2,	4,	11,	2,	1,	5,	7,	30,	25,	25,	0,	0,	0,	0)
INSERT INTO [dbo].[Facts] ([citizenship_id], [department_id], [employee_id], [occupation_id], [previousworkplace_id], [socialstatus_id], [workingexperience_id], [age], [vacationdays_total], [vacationdays_available], [vacationdays_spent], [sickdays_thisyear], [rebukes_amount], [businesstrips_amount]) VALUES (2,	5,	21,	1,	10,	6,	8,	30,	25,	25,	0,	0,	0,	0)
INSERT INTO [dbo].[Facts] ([citizenship_id], [department_id], [employee_id], [occupation_id], [previousworkplace_id], [socialstatus_id], [workingexperience_id], [age], [vacationdays_total], [vacationdays_available], [vacationdays_spent], [sickdays_thisyear], [rebukes_amount], [businesstrips_amount]) VALUES (2,	6,	33,	3,	2,	7,	9,	32,	25,	23,	2,	2,	0,	0)
INSERT INTO [dbo].[Facts] ([citizenship_id], [department_id], [employee_id], [occupation_id], [previousworkplace_id], [socialstatus_id], [workingexperience_id], [age], [vacationdays_total], [vacationdays_available], [vacationdays_spent], [sickdays_thisyear], [rebukes_amount], [businesstrips_amount]) VALUES (2,	7,	30,	10,	4,	7,	10,	39,	25,	16,	9,	9,	0,	0)
INSERT INTO [dbo].[Facts] ([citizenship_id], [department_id], [employee_id], [occupation_id], [previousworkplace_id], [socialstatus_id], [workingexperience_id], [age], [vacationdays_total], [vacationdays_available], [vacationdays_spent], [sickdays_thisyear], [rebukes_amount], [businesstrips_amount]) VALUES (2,	8,	31,	1,	5,	7,	1,	30,	25,	25,	0,	0,	0,	0)
INSERT INTO [dbo].[Facts] ([citizenship_id], [department_id], [employee_id], [occupation_id], [previousworkplace_id], [socialstatus_id], [workingexperience_id], [age], [vacationdays_total], [vacationdays_available], [vacationdays_spent], [sickdays_thisyear], [rebukes_amount], [businesstrips_amount]) VALUES INSERT INTO [dbo].[Facts] ([citizenship_id], [department_id], [employee_id], [occupation_id], [previousworkplace_id], [socialstatus_id], [workingexperience_id], [age], [vacationdays_total], [vacationdays_available], [vacationdays_spent], [sickdays_thisyear], [rebukes_amount], [businesstrips_amount]) VALUES (3,	2,	41,	4,	7,	7,	2,	30,	25,	25,	0,	0,	0,	0)
INSERT INTO [dbo].[Facts] ([citizenship_id], [department_id], [employee_id], [occupation_id], [previousworkplace_id], [socialstatus_id], [workingexperience_id], [age], [vacationdays_total], [vacationdays_available], [vacationdays_spent], [sickdays_thisyear], [rebukes_amount], [businesstrips_amount]) VALUES (3,	2,	47,	7,	3,	2,	3,	36,	25,	19,	6,	6,	0,	0)
INSERT INTO [dbo].[Facts] ([citizenship_id], [department_id], [employee_id], [occupation_id], [previousworkplace_id], [socialstatus_id], [workingexperience_id], [age], [vacationdays_total], [vacationdays_available], [vacationdays_spent], [sickdays_thisyear], [rebukes_amount], [businesstrips_amount]) VALUES (3,	2,	50,	10,	5,	4,	4,	39,	25,	16,	9,	9,	0,	0)
INSERT INTO [dbo].[Facts] ([citizenship_id], [department_id], [employee_id], [occupation_id], [previousworkplace_id], [socialstatus_id], [workingexperience_id], [age], [vacationdays_total], [vacationdays_available], [vacationdays_spent], [sickdays_thisyear], [rebukes_amount], [businesstrips_amount]) VALUES (3,	6,	25,	5,	6,	5,	5,	34,	25,	21,	4,	4,	0,	0)
INSERT INTO [dbo].[Facts] ([citizenship_id], [department_id], [employee_id], [occupation_id], [previousworkplace_id], [socialstatus_id], [workingexperience_id], [age], [vacationdays_total], [vacationdays_available], [vacationdays_spent], [sickdays_thisyear], [rebukes_amount], [businesstrips_amount]) VALUES (3,	8,	4,	4,	4,	4,	6,	33,	25,	22,	3,	3,	0,	0)
INSERT INTO [dbo].[Facts] ([citizenship_id], [department_id], [employee_id], [occupation_id], [previousworkplace_id], [socialstatus_id], [workingexperience_id], [age], [vacationdays_total], [vacationdays_available], [vacationdays_spent], [sickdays_thisyear], [rebukes_amount], [businesstrips_amount]) VALUES (3,	9,	18,	8,	8,	6,	7,	37,	25,	18,	7,	7,	0,	0)
INSERT INTO [dbo].[Facts] ([citizenship_id], [department_id], [employee_id], [occupation_id], [previousworkplace_id], [socialstatus_id], [workingexperience_id], [age], [vacationdays_total], [vacationdays_available], [vacationdays_spent], [sickdays_thisyear], [rebukes_amount], [businesstrips_amount]) VALUES (3,	9,	42,	2,	9,	7,	8,	31,	25,	24,	1,	1,	0,	0)
INSERT INTO [dbo].[Facts] ([citizenship_id], [department_id], [employee_id], [occupation_id], [previousworkplace_id], [socialstatus_id], [workingexperience_id], [age], [vacationdays_total], [vacationdays_available], [vacationdays_spent], [sickdays_thisyear], [rebukes_amount], [businesstrips_amount]) VALUES (3,	10,	36,	6,	1,	8,	9,	35,	25,	20,	5,	5,	0,	0)
INSERT INTO [dbo].[Facts] ([citizenship_id], [department_id], [employee_id], [occupation_id], [previousworkplace_id], [socialstatus_id], [workingexperience_id], [age], [vacationdays_total], [vacationdays_available], [vacationdays_spent], [sickdays_thisyear], [rebukes_amount], [businesstrips_amount]) VALUES (4,	1,	35,	5,	3,	1,	10,	34,	25,	21,	4,	4,	0,	0)
INSERT INTO [dbo].[Facts] ([citizenship_id], [department_id], [employee_id], [occupation_id], [previousworkplace_id], [socialstatus_id], [workingexperience_id], [age], [vacationdays_total], [vacationdays_available], [vacationdays_spent], [sickdays_thisyear], [rebukes_amount], [businesstrips_amount]) VALUES (4,	3,	10,	10,	5,	2,	1,	39,	25,	16,	9,	9,	0,	0)
INSERT INTO [dbo].[Facts] ([citizenship_id], [department_id], [employee_id], [occupation_id], [previousworkplace_id], [socialstatus_id], [workingexperience_id], [age], [vacationdays_total], [vacationdays_available], [vacationdays_spent], [sickdays_thisyear], [rebukes_amount], [businesstrips_amount]) VALUES (4,	9,	15,	5,	5,	10,	2,	34,	25,	21,	4,	4,	0,	0)
INSERT INTO [dbo].[Facts] ([citizenship_id], [department_id], [employee_id], [occupation_id], [previousworkplace_id], [socialstatus_id], [workingexperience_id], [age], [vacationdays_total], [vacationdays_available], [vacationdays_spent], [sickdays_thisyear], [rebukes_amount], [businesstrips_amount]) VALUES (4,	10,	22,	2,	7,	4,	3,	31,	25,	24,	1,	1,	0,	0)
INSERT INTO [dbo].[Facts] ([citizenship_id], [department_id], [employee_id], [occupation_id], [previousworkplace_id], [socialstatus_id], [workingexperience_id], [age], [vacationdays_total], [vacationdays_available], [vacationdays_spent], [sickdays_thisyear], [rebukes_amount], [businesstrips_amount]) VALUES (4,	10,	28,	8,	8,	7,	4,	37,	25,	18,	7,	7,	0,	0)
INSERT INTO [dbo].[Facts] ([citizenship_id], [department_id], [employee_id], [occupation_id], [previousworkplace_id], [socialstatus_id], [workingexperience_id], [age], [vacationdays_total], [vacationdays_available], [vacationdays_spent], [sickdays_thisyear], [rebukes_amount], [businesstrips_amount]) VALUES (5,	1,	45,	5,	6,	4,	5,	34,	25,	21,	4,	4,	0,	0)
INSERT INTO [dbo].[Facts] ([citizenship_id], [department_id], [employee_id], [occupation_id], [previousworkplace_id], [socialstatus_id], [workingexperience_id], [age], [vacationdays_total], [vacationdays_available], [vacationdays_spent], [sickdays_thisyear], [rebukes_amount], [businesstrips_amount]) VALUES (5,	2,	49,	9,	4,	3,	6,	38,	25,	17,	8,	8,	0,	0)
INSERT INTO [dbo].[Facts] ([citizenship_id], [department_id], [employee_id], [occupation_id], [previousworkplace_id], [socialstatus_id], [workingexperience_id], [age], [vacationdays_total], [vacationdays_available], [vacationdays_spent], [sickdays_thisyear], [rebukes_amount], [businesstrips_amount]) VALUES (5,	3,	8,	8,	8,	10,	7,	37,	25,	18,	7,	7,	0,	0)
INSERT INTO [dbo].[Facts] ([citizenship_id], [department_id], [employee_id], [occupation_id], [previousworkplace_id], [socialstatus_id], [workingexperience_id], [age], [vacationdays_total], [vacationdays_available], [vacationdays_spent], [sickdays_thisyear], [rebukes_amount], [businesstrips_amount]) VALUES (5,	3,	43,	3,	2,	3,	8,	32,	25,	23,	2,	2,	0,	0)
INSERT INTO [dbo].[Facts] ([citizenship_id], [department_id], [employee_id], [occupation_id], [previousworkplace_id], [socialstatus_id], [workingexperience_id], [age], [vacationdays_total], [vacationdays_available], [vacationdays_spent], [sickdays_thisyear], [rebukes_amount], [businesstrips_amount]) VALUES (5,	4,	7,	7,	3,	5,	9,	36,	25,	19,	6,	6,	0,	0)
INSERT INTO [dbo].[Facts] ([citizenship_id], [department_id], [employee_id], [occupation_id], [previousworkplace_id], [socialstatus_id], [workingexperience_id], [age], [vacationdays_total], [vacationdays_available], [vacationdays_spent], [sickdays_thisyear], [rebukes_amount], [businesstrips_amount]) VALUES (5,	8,	23,	3,	5,	6,	10,	32,	25,	23,	2,	2,	0,	0)
INSERT INTO [dbo].[Facts] ([citizenship_id], [department_id], [employee_id], [occupation_id], [previousworkplace_id], [socialstatus_id], [workingexperience_id], [age], [vacationdays_total], [vacationdays_available], [vacationdays_spent], [sickdays_thisyear], [rebukes_amount], [businesstrips_amount]) VALUES (6,	1,	6,	6,	7,	7,	1,	35,	25,	20,	5,	5,	0,	0)
INSERT INTO [dbo].[Facts] ([citizenship_id], [department_id], [employee_id], [occupation_id], [previousworkplace_id], [socialstatus_id], [workingexperience_id], [age], [vacationdays_total], [vacationdays_available], [vacationdays_spent], [sickdays_thisyear], [rebukes_amount], [businesstrips_amount]) VALUES (6,	2,	5,	5,	8,	10,	2,	34,	25,	21,	4,	4,	0,	0)
INSERT INTO [dbo].[Facts] ([citizenship_id], [department_id], [employee_id], [occupation_id], [previousworkplace_id], [socialstatus_id], [workingexperience_id], [age], [vacationdays_total], [vacationdays_available], [vacationdays_spent], [sickdays_thisyear], [rebukes_amount], [businesstrips_amount]) VALUES (6,	6,	2,	2,	9,	3,	3,	31,	25,	24,	1,	1,	0,	0)
INSERT INTO [dbo].[Facts] ([citizenship_id], [department_id], [employee_id], [occupation_id], [previousworkplace_id], [socialstatus_id], [workingexperience_id], [age], [vacationdays_total], [vacationdays_available], [vacationdays_spent], [sickdays_thisyear], [rebukes_amount], [businesstrips_amount]) VALUES (6,	8,	9,	9,	1,	5,	4,	38,	25,	17,	8,	8,	0,	0)
INSERT INTO [dbo].[Facts] ([citizenship_id], [department_id], [employee_id], [occupation_id], [previousworkplace_id], [socialstatus_id], [workingexperience_id], [age], [vacationdays_total], [vacationdays_available], [vacationdays_spent], [sickdays_thisyear], [rebukes_amount], [businesstrips_amount]) VALUES (7,	3,	12,	2,	2,	7,	5,	31,	25,	24,	1,	1,	0,	0)
INSERT INTO [dbo].[Facts] ([citizenship_id], [department_id], [employee_id], [occupation_id], [previousworkplace_id], [socialstatus_id], [workingexperience_id], [age], [vacationdays_total], [vacationdays_available], [vacationdays_spent], [sickdays_thisyear], [rebukes_amount], [businesstrips_amount]) VALUES (7,	4,	32,	2,	5,	8,	6,	31,	25,	24,	1,	1,	0,	0)
INSERT INTO [dbo].[Facts] ([citizenship_id], [department_id], [employee_id], [occupation_id], [previousworkplace_id], [socialstatus_id], [workingexperience_id], [age], [vacationdays_total], [vacationdays_available], [vacationdays_spent], [sickdays_thisyear], [rebukes_amount], [businesstrips_amount]) VALUES (8,	4,	44,	4,	6,	4,	7,	33,	25,	22,	3,	3,	0,	0)
INSERT INTO [dbo].[Facts] ([citizenship_id], [department_id], [employee_id], [occupation_id], [previousworkplace_id], [socialstatus_id], [workingexperience_id], [age], [vacationdays_total], [vacationdays_available], [vacationdays_spent], [sickdays_thisyear], [rebukes_amount], [businesstrips_amount]) VALUES (8,	6,	37,	7,	3,	7,	8,	36,	25,	19,	6,	6,	0,	0)
INSERT INTO [dbo].[Facts] ([citizenship_id], [department_id], [employee_id], [occupation_id], [previousworkplace_id], [socialstatus_id], [workingexperience_id], [age], [vacationdays_total], [vacationdays_available], [vacationdays_spent], [sickdays_thisyear], [rebukes_amount], [businesstrips_amount]) VALUES (8,	7,	24,	4,	6,	4,	9,	33,	25,	22,	3,	3,	0,	0)
INSERT INTO [dbo].[Facts] ([citizenship_id], [department_id], [employee_id], [occupation_id], [previousworkplace_id], [socialstatus_id], [workingexperience_id], [age], [vacationdays_total], [vacationdays_available], [vacationdays_spent], [sickdays_thisyear], [rebukes_amount], [businesstrips_amount]) VALUES (8,	9,	20,	10,	2,	10,	10,	39,	25,	16,	9,	9,	0,	0)
INSERT INTO [dbo].[Facts] ([citizenship_id], [department_id], [employee_id], [occupation_id], [previousworkplace_id], [socialstatus_id], [workingexperience_id], [age], [vacationdays_total], [vacationdays_available], [vacationdays_spent], [sickdays_thisyear], [rebukes_amount], [businesstrips_amount]) VALUES (9,	3,	38,	8,	5,	8,	1,	37,	25,	18,	7,	7,	0,	0)
INSERT INTO [dbo].[Facts] ([citizenship_id], [department_id], [employee_id], [occupation_id], [previousworkplace_id], [socialstatus_id], [workingexperience_id], [age], [vacationdays_total], [vacationdays_available], [vacationdays_spent], [sickdays_thisyear], [rebukes_amount], [businesstrips_amount]) VALUES (9,	4,	40,	10,	4,	10,	2,	39,	25,	16,	9,	9,	0,	0)
INSERT INTO [dbo].[Facts] ([citizenship_id], [department_id], [employee_id], [occupation_id], [previousworkplace_id], [socialstatus_id], [workingexperience_id], [age], [vacationdays_total], [vacationdays_available], [vacationdays_spent], [sickdays_thisyear], [rebukes_amount], [businesstrips_amount]) VALUES (9,	4,	46,	6,	9,	6,	3,	35,	25,	20,	5,	5,	0,	0)
INSERT INTO [dbo].[Facts] ([citizenship_id], [department_id], [employee_id], [occupation_id], [previousworkplace_id], [socialstatus_id], [workingexperience_id], [age], [vacationdays_total], [vacationdays_available], [vacationdays_spent], [sickdays_thisyear], [rebukes_amount], [businesstrips_amount]) VALUES (9,	5,	3,	3,	10,	3,	4,	32,	25,	23,	2,	2,	0,	0)
INSERT INTO [dbo].[Facts] ([citizenship_id], [department_id], [employee_id], [occupation_id], [previousworkplace_id], [socialstatus_id], [workingexperience_id], [age], [vacationdays_total], [vacationdays_available], [vacationdays_spent], [sickdays_thisyear], [rebukes_amount], [businesstrips_amount]) VALUES (9,	6,	34,	4,	1,	4,	5,	33,	25,	22,	3,	3,	0,	0)
INSERT INTO [dbo].[Facts] ([citizenship_id], [department_id], [employee_id], [occupation_id], [previousworkplace_id], [socialstatus_id], [workingexperience_id], [age], [vacationdays_total], [vacationdays_available], [vacationdays_spent], [sickdays_thisyear], [rebukes_amount], [businesstrips_amount]) VALUES (9,	10,	39,	9,	8,	9,	6,	38,	25,	17,	8,	8,	0,	0)
INSERT INTO [dbo].[Facts] ([citizenship_id], [department_id], [employee_id], [occupation_id], [previousworkplace_id], [socialstatus_id], [workingexperience_id], [age], [vacationdays_total], [vacationdays_available], [vacationdays_spent], [sickdays_thisyear], [rebukes_amount], [businesstrips_amount]) VALUES (10,	2,	13,	3,	2,	3,	7,	32,	25,	23,	2,	2,	0,	0)
INSERT INTO [dbo].[Facts] ([citizenship_id], [department_id], [employee_id], [occupation_id], [previousworkplace_id], [socialstatus_id], [workingexperience_id], [age], [vacationdays_total], [vacationdays_available], [vacationdays_spent], [sickdays_thisyear], [rebukes_amount], [businesstrips_amount]) VALUES (10,	3,	16,	6,	3,	6,	8,	35,	25,	20,	5,	5,	0,	0)
INSERT INTO [dbo].[Facts] ([citizenship_id], [department_id], [employee_id], [occupation_id], [previousworkplace_id], [socialstatus_id], [workingexperience_id], [age], [vacationdays_total], [vacationdays_available], [vacationdays_spent], [sickdays_thisyear], [rebukes_amount], [businesstrips_amount]) VALUES (10,	6,	26,	6,	5,	6,	9,	35,	25,	20,	5,	5,	0,	0)
INSERT INTO [dbo].[Facts] ([citizenship_id], [department_id], [employee_id], [occupation_id], [previousworkplace_id], [socialstatus_id], [workingexperience_id], [age], [vacationdays_total], [vacationdays_available], [vacationdays_spent], [sickdays_thisyear], [rebukes_amount], [businesstrips_amount]) VALUES (10,	6,	29,	9,	6,	9,	10,	38,	25,	17,	8,	8,	0,	0)
